item_id,kind,name,category,lat,lon,coord_quality,address,ward,machiaza,google_place_id,google_rating,google_reviews,google_lat,google_lon,picked_by,picked_at,note
"文化財:岡倉天心記念公園:35.726373,139.766555",文化財,岡倉天心記念公園,名所・史跡,35.726373,139.766555,point,谷中5-7,台東区,谷中,,,,,,栗原,2026-08-17T11:04:19.999Z,
"文化財:延寿寺:35.71932,139.767543",文化財,延寿寺,文化財のある寺社,35.71932,139.767543,chome,東京都台東区谷中1丁目,台東区,谷中,,,,,,栗原,2026-08-17T11:07:26.804Z,
"文化財:寛永寺:35.721389,139.774306",文化財,寛永寺,文化財のある寺社,35.721389,139.774306,point,東京都台東区上野桜木1丁目,台東区,上野桜木,,,,,,栗原,2026-08-17T11:07:40.824Z,
"文化財:天王寺:35.726583,139.771361",文化財,天王寺,文化財のある寺社,35.726583,139.771361,point,東京都台東区谷中7丁目,台東区,谷中,,,,,,栗原,2026-08-17T11:07:46.605Z,
"文化財:旧吉田屋酒店:35.721331,139.770917",文化財,旧吉田屋酒店,有形民俗文化財,35.721331,139.770917,chome,東京都台東区上野桜木2丁目10番6号,台東区,上野桜木,,,,,,栗原,2026-08-17T11:07:47.612Z,
"文化財:報恩寺:35.712944,139.784667",文化財,報恩寺,文化財のある寺社,35.712944,139.784667,point,東京都台東区東上野6丁目,台東区,東上野,,,,,,栗原,2026-08-17T11:07:48.490Z,
"文化財:自性院:35.721833,139.769222",文化財,自性院,文化財のある寺社,35.721833,139.769222,point,東京都台東区谷中6丁目,台東区,谷中,,,,,,栗原,2026-08-17T11:07:49.552Z,
"文化財:天龍院:35.723583,139.766833",文化財,天龍院,文化財のある寺社,35.723583,139.766833,point,東京都台東区谷中4丁目,台東区,谷中,,,,,,栗原,2026-08-17T11:07:50.472Z,
"文化財:養寿院:35.720447,139.770152",文化財,養寿院,文化財のある寺社,35.720447,139.770152,chome,東京都台東区上野桜木1丁目,台東区,上野桜木,,,,,,栗原,2026-08-17T11:07:54.029Z,
"文化財:護国院:35.719306,139.770167",文化財,護国院,文化財のある寺社,35.719306,139.770167,point,東京都台東区上野公園,台東区,上野公園,,,,,,栗原,2026-08-17T11:07:56.718Z,
"文化財:全生庵:35.724222,139.766806",文化財,全生庵,文化財のある寺社,35.724222,139.766806,point,東京都台東区谷中5丁目,台東区,谷中,,,,,,栗原,2026-08-17T11:07:58.620Z,
"文化財:唯念寺:35.710861,139.7835",文化財,唯念寺,文化財のある寺社,35.710861,139.7835,point,東京都台東区元浅草2丁目,台東区,元浅草,,,,,,栗原,2026-08-17T11:08:01.089Z,
"文化財:覚音寺:35.707892,139.786369",文化財,覚音寺,文化財のある寺社,35.707892,139.786369,chome,東京都台東区元浅草3丁目,台東区,元浅草,,,,,,栗原,2026-08-17T11:08:03.724Z,
"文化財:長安寺ほか:35.72441,139.768063",文化財,長安寺ほか,文化財のある寺社,35.72441,139.768063,chome,東京都台東区谷中5丁目ほか,台東区,谷中,,,,,,栗原,2026-08-17T11:08:05.725Z,
"文化財:西蔵院:35.724,139.781444",文化財,西蔵院,文化財のある寺社,35.724,139.781444,point,東京都台東区根岸3丁目,台東区,根岸,,,,,,栗原,2026-08-17T11:08:07.532Z,
"文化財:世尊寺:35.723762,139.782708",文化財,世尊寺,文化財のある寺社,35.723762,139.782708,chome,東京都台東区根岸3丁目,台東区,根岸,,,,,,栗原,2026-08-17T11:08:08.428Z,
"文化財:安立院:35.727344,139.769368",文化財,安立院,文化財のある寺社,35.727344,139.769368,chome,東京都台東区谷中7丁目,台東区,谷中,,,,,,栗原,2026-08-17T11:08:11.373Z,
"文化財:長安寺:35.725222,139.768444",文化財,長安寺,文化財のある寺社,35.725222,139.768444,point,東京都台東区谷中5丁目,台東区,谷中,,,,,,栗原,2026-08-17T11:08:22.754Z,
"文化財:瑞輪寺:35.723139,139.768389",文化財,瑞輪寺,文化財のある寺社,35.723139,139.768389,point,東京都台東区谷中4丁目,台東区,谷中,,,,,,栗原,2026-08-17T11:08:24.143Z,
"文化財:多宝院:35.722611,139.769667",文化財,多宝院,文化財のある寺社,35.722611,139.769667,point,東京都台東区谷中6丁目,台東区,谷中,,,,,,栗原,2026-08-17T11:08:26.696Z,
"文化財:称念寺:35.708519,139.785969",文化財,称念寺,文化財のある寺社,35.708519,139.785969,point,東京都台東区元浅草3丁目,台東区,元浅草,,,,,,栗原,2026-08-17T11:08:27.643Z,
"文化財:宗賢寺:35.713389,139.766611",文化財,宗賢寺,文化財のある寺社,35.713389,139.766611,point,東京都台東区池之端2丁目,台東区,池之端,,,,,,栗原,2026-08-17T11:08:31.708Z,
"文化財:正行院:35.722716,139.767424",文化財,正行院,文化財のある寺社,35.722716,139.767424,chome,東京都台東区谷中4丁目,台東区,谷中,,,,,,栗原,2026-08-17T11:08:55.369Z,
"文化財:明王院:35.72441,139.768063",文化財,明王院,文化財のある寺社,35.72441,139.768063,chome,東京都台東区谷中5丁目,台東区,谷中,,,,,,栗原,2026-08-17T11:08:56.339Z,
"文化財:仏心寺:35.720556,139.768111",文化財,仏心寺,文化財のある寺社,35.720556,139.768111,point,東京都台東区谷中1丁目,台東区,谷中,,,,,,栗原,2026-08-17T11:08:59.520Z,
"文化財:谷中霊園:35.727344,139.769368",文化財,谷中霊園,文化財のある寺社,35.727344,139.769368,chome,東京都台東区谷中7丁目,台東区,谷中,,,,,,栗原,2026-08-17T11:09:00.703Z,
"文化財:横山大観記念館:35.712167,139.76825",文化財,横山大観記念館,文化財のある寺社,35.712167,139.76825,point,東京都台東区池之端1丁目,台東区,池之端,,,,,,栗原,2026-08-17T11:09:02.474Z,
"文化財:東本願寺:35.711806,139.789444",文化財,東本願寺,文化財のある寺社,35.711806,139.789444,point,東京都台東区西浅草1丁目,台東区,西浅草,,,,,,栗原,2026-08-17T11:12:08.590Z,
"文化財:天嶽院:35.714833,139.790917",文化財,天嶽院,文化財のある寺社,35.714833,139.790917,point,東京都台東区西浅草3丁目,台東区,西浅草,,,,,,栗原,2026-08-17T11:12:30.717Z,
"文化財:玉林寺:35.72,139.767",文化財,玉林寺,文化財のある寺社,35.72,139.767,point,東京都台東区谷中1丁目,台東区,谷中,,,,,,栗原,2026-08-17T11:12:36.202Z,
"文化財:誓教寺:35.709415,139.78668",文化財,誓教寺,文化財のある寺社,35.709415,139.78668,chome,東京都台東区元浅草4丁目,台東区,元浅草,,,,,,栗原,2026-08-17T11:12:37.162Z,
"文化財:立善寺:35.724778,139.766389",文化財,立善寺,文化財のある寺社,35.724778,139.766389,point,東京都台東区谷中5丁目,台東区,谷中,,,,,,栗原,2026-08-17T11:12:38.822Z,
"文化財:感応寺:35.722019,139.783591",文化財,感応寺,文化財のある寺社,35.722019,139.783591,chome,東京都台東区下谷2丁目,台東区,下谷,,,,,,栗原,2026-08-17T11:12:40.804Z,
"文化財:源空寺:35.714444,139.784722",文化財,源空寺,文化財のある寺社,35.714444,139.784722,point,東京都台東区東上野6丁目,台東区,東上野,,,,,,栗原,2026-08-17T11:12:41.913Z,
"文化財:長久院:35.722389,139.769222",文化財,長久院,文化財のある寺社,35.722389,139.769222,point,東京都台東区谷中6丁目,台東区,谷中,,,,,,栗原,2026-08-17T11:12:45.025Z,
"文化財:津梁院:35.720447,139.770152",文化財,津梁院,文化財のある寺社,35.720447,139.770152,chome,東京都台東区上野桜木1丁目,台東区,上野桜木,,,,,,栗原,2026-08-17T11:12:46.239Z,
"文化財:加納院:35.72441,139.768063",文化財,加納院,文化財のある寺社,35.72441,139.768063,chome,東京都台東区谷中5丁目,台東区,谷中,,,,,,栗原,2026-08-17T11:12:47.493Z,
"文化財:妙経寺:35.71002,139.78346",文化財,妙経寺,文化財のある寺社,35.71002,139.78346,point,東京都台東区元浅草2丁目,台東区,元浅草,,,,,,栗原,2026-08-17T11:12:48.359Z,
"文化財:永称寺:35.723278,139.781306",文化財,永称寺,文化財のある寺社,35.723278,139.781306,point,東京都台東区根岸3丁目,台東区,根岸,,,,,,栗原,2026-08-17T11:12:49.138Z,
"文化財:清水寺:35.714194,139.788667",文化財,清水寺,文化財のある寺社,35.714194,139.788667,point,東京都台東区松が谷2丁目,台東区,松が谷,,,,,,栗原,2026-08-17T11:12:51.827Z,
"文化財:真源寺:35.719861,139.782667",文化財,真源寺,文化財のある寺社,35.719861,139.782667,point,東京都台東区下谷1丁目,台東区,下谷,,,,,,栗原,2026-08-17T11:12:58.869Z,
"文化財:下谷神社:35.710806,139.781306",文化財,下谷神社,文化財のある寺社,35.710806,139.781306,point,東京都台東区東上野3丁目,台東区,東上野,,,,,,栗原,2026-08-17T11:12:59.821Z,
"文化財:法善寺:35.714167,139.78375",文化財,法善寺,文化財のある寺社,35.714167,139.78375,point,東京都台東区東上野6丁目,台東区,東上野,,,,,,栗原,2026-08-17T11:13:02.039Z,
"文化財:臨江寺:35.720111,139.766361",文化財,臨江寺,文化財のある寺社,35.720111,139.766361,point,東京都台東区谷中1丁目,台東区,谷中,,,,,,栗原,2026-08-17T11:13:03.221Z,
"文化財:長明寺:35.72683,139.76719",文化財,長明寺,文化財のある寺社,35.72683,139.76719,point,東京都台東区谷中5丁目,台東区,谷中,,,,,,栗原,2026-08-17T11:13:05.472Z,
"文化財:本寿寺:35.7195,139.766278",文化財,本寿寺,文化財のある寺社,35.7195,139.766278,point,東京都台東区谷中1丁目,台東区,谷中,,,,,,栗原,2026-08-17T11:13:08.758Z,
"文化財:金嶺寺:35.721278,139.768556",文化財,金嶺寺,文化財のある寺社,35.721278,139.768556,point,東京都台東区谷中1丁目,台東区,谷中,,,,,,栗原,2026-08-17T11:13:10.806Z,
"文化財:寛永寺清水観音堂:35.721389,139.774306",文化財,寛永寺清水観音堂,文化財のある寺社,35.721389,139.774306,point,東京都台東区上野公園,台東区,上野公園,,,,,,栗原,2026-08-17T11:13:19.998Z,
"文化財:安楽寺:35.724361,139.784361",文化財,安楽寺,文化財のある寺社,35.724361,139.784361,point,東京都台東区根岸4丁目,台東区,根岸,,,,,,栗原,2026-08-17T11:13:22.720Z,
"文化財:坂本村文書:35.717536,139.789599",文化財,坂本村文書,美術工芸品,35.717536,139.789599,chome,東京都台東区西浅草3丁目25番16号,台東区,西浅草,,,,,,栗原,2026-08-17T11:13:24.891Z,
"文化財:灯明寺:35.716979,139.783839",文化財,灯明寺,文化財のある寺社,35.716979,139.783839,chome,東京都台東区北上野2丁目,台東区,北上野,,,,,,栗原,2026-08-17T11:13:26.813Z,
"文化財:杮経:35.717536,139.789599",文化財,杮経,美術工芸品,35.717536,139.789599,chome,東京都台東区西浅草3丁目25番16号,台東区,西浅草,,,,,,栗原,2026-08-17T11:13:40.968Z,
"文化財:谷中三崎町会文書（野池家所蔵）:35.717536,139.789599",文化財,谷中三崎町会文書（野池家所蔵）,美術工芸品,35.717536,139.789599,chome,東京都台東区西浅草3丁目25番16号,台東区,西浅草,,,,,,栗原,2026-08-17T11:13:42.260Z,
"文化財:谷中三崎町会文書（台東区教育委員会所蔵）:35.717536,139.789599",文化財,谷中三崎町会文書（台東区教育委員会所蔵）,美術工芸品,35.717536,139.789599,chome,東京都台東区西浅草3丁目25番16号,台東区,西浅草,,,,,,栗原,2026-08-17T11:13:44.520Z,
"文化財:北豊島郡浅草区地方今戸町（自壱番地至拾五番地）実測図:35.717536,139.789599",文化財,北豊島郡浅草区地方今戸町（自壱番地至拾五番地）実測図,美術工芸品,35.717536,139.789599,chome,東京都台東区西浅草3丁目25番16号,台東区,西浅草,,,,,,栗原,2026-08-17T11:13:56.021Z,
"文化財:柏木家文書:35.717536,139.789599",文化財,柏木家文書,美術工芸品,35.717536,139.789599,chome,東京都台東区西浅草3丁目25番16号,台東区,西浅草,,,,,,栗原,2026-08-17T11:13:58.270Z,
"文化財:光明寺:35.710333,139.785639",文化財,光明寺,文化財のある寺社,35.710333,139.785639,point,東京都台東区元浅草4丁目,台東区,元浅草,,,,,,栗原,2026-08-17T11:14:00.694Z,
"文化財:諸願伺届扣（感応寺旧蔵）:35.717536,139.789599",文化財,諸願伺届扣（感応寺旧蔵）,美術工芸品,35.717536,139.789599,chome,東京都台東区西浅草3丁目25番16号,台東区,西浅草,,,,,,栗原,2026-08-17T11:14:02.116Z,
"文化財:宗林寺:35.727028,139.765861",文化財,宗林寺,文化財のある寺社,35.727028,139.765861,point,東京都台東区谷中3丁目,台東区,谷中,,,,,,栗原,2026-08-17T11:14:03.804Z,
"文化財:総持院:35.722889,139.769778",文化財,総持院,文化財のある寺社,35.722889,139.769778,point,東京都台東区谷中6丁目,台東区,谷中,,,,,,栗原,2026-08-17T11:14:08.875Z,
"文化財:望月家文書　附　浅草質屋組合資料:35.717536,139.789599",文化財,望月家文書　附　浅草質屋組合資料,美術工芸品,35.717536,139.789599,chome,東京都台東区西浅草3丁目25番16号,台東区,西浅草,,,,,,栗原,2026-08-17T11:14:10.510Z,
"文化財:千手院:35.722972,139.781556",文化財,千手院,文化財のある寺社,35.722972,139.781556,point,東京都台東区根岸3丁目,台東区,根岸,,,,,,栗原,2026-08-17T11:14:11.703Z,
"文化財:稲垣利兵衛家文書:35.717536,139.789599",文化財,稲垣利兵衛家文書,美術工芸品,35.717536,139.789599,chome,東京都台東区西浅草3丁目25番16号,台東区,西浅草,,,,,,栗原,2026-08-17T11:14:14.410Z,
"文化財:びんざさら舞獅子役附畑地譲証文:35.717536,139.789599",文化財,びんざさら舞獅子役附畑地譲証文,美術工芸品,35.717536,139.789599,chome,東京都台東区西浅草3丁目25番16号,台東区,西浅草,,,,,,栗原,2026-08-17T11:14:19.900Z,
"文化財:日蓮書状:35.728056,139.76949",文化財,日蓮書状,文化財,35.728056,139.76949,chome,東京都荒川区西日暮里3-1-3,荒川区,西日暮里,,,,,,栗原,2026-08-17T11:14:20.640Z,
"文化財:善性寺文書:35.727222,139.773889",文化財,善性寺文書,文化財,35.727222,139.773889,point,東京都荒川区東日暮里5-41-14,荒川区,東日暮里,,,,,,栗原,2026-08-17T11:14:21.639Z,
"文化財:道灌丘碑:35.728056,139.76949",文化財,道灌丘碑,文化財,35.728056,139.76949,chome,東京都荒川区西日暮里3-1-3,荒川区,西日暮里,,,,,,栗原,2026-08-17T11:14:23.484Z,
"文化財:物見塚記版木:35.728056,139.76949",文化財,物見塚記版木,文化財,35.728056,139.76949,chome,東京都荒川区西日暮里3-1-3,荒川区,西日暮里,,,,,,栗原,2026-08-17T11:14:24.320Z,
"文化財:木造大黒天像:35.728053,139.768748",文化財,木造大黒天像,文化財,35.728053,139.768748,chome,東京都荒川区西日暮里3-2-6,荒川区,西日暮里,,,,,,栗原,2026-08-17T11:14:27.506Z,
"文化財:永井尚志の墓:35.728056,139.76949",文化財,永井尚志の墓,文化財,35.728056,139.76949,chome,東京都荒川区西日暮里3-1-3,荒川区,西日暮里,,,,,,栗原,2026-08-17T11:14:28.152Z,
"文化財:市河寛斎の墓:35.728056,139.76949",文化財,市河寛斎の墓,文化財,35.728056,139.76949,chome,東京都荒川区西日暮里3-1-3,荒川区,西日暮里,,,,,,栗原,2026-08-17T11:14:28.855Z,
"文化財:市河米庵の墓:35.728056,139.76949",文化財,市河米庵の墓,文化財,35.728056,139.76949,chome,東京都荒川区西日暮里3-1-3,荒川区,西日暮里,,,,,,栗原,2026-08-17T11:14:30.904Z,
"文化財:大名時計博物館:35.72128,139.7662",文化財,大名時計博物館,博物館,35.72128,139.7662,point,谷中2丁目1番27号,台東区,谷中,,,,,,栗原,2026-08-17T11:14:32.349Z,
"文化財:下町風俗資料館付設展示場（旧吉田屋酒店）:35.721323,139.770875",文化財,下町風俗資料館付設展示場（旧吉田屋酒店）,文化,35.721323,139.770875,point,上野桜木2-10-6,台東区,上野桜木,,,,,,栗原,2026-08-17T11:14:33.278Z,
"文化財:書道博物館:35.724643,139.776294",文化財,書道博物館,文化,35.724643,139.776294,point,根岸2丁目10番4号,台東区,根岸,,,,,,栗原,2026-08-17T11:14:33.992Z,
"文化財:朝倉彫塑館:35.726847,139.76855",文化財,朝倉彫塑館,文化,35.726847,139.76855,point,谷中7丁目18番10号,台東区,谷中,,,,,,栗原,2026-08-17T11:14:36.189Z,
"文化財:ねぎし三平堂:35.724933,139.776224",文化財,ねぎし三平堂,観光,35.724933,139.776224,point,根岸2丁目10番12号,台東区,根岸,,,,,,栗原,2026-08-17T11:14:37.591Z,
"文化財:山岡鉄舟墓:35.724133,139.766875",文化財,山岡鉄舟墓,名所・史跡,35.724133,139.766875,point,谷中5-4-7（全生庵内）,台東区,谷中,,,,,,栗原,2026-08-17T11:14:39.456Z,
"文化財:三遊亭円朝墓:35.724133,139.766875",文化財,三遊亭円朝墓,名所・史跡,35.724133,139.766875,point,谷中5-4-7（全生庵内）,台東区,谷中,,,,,,栗原,2026-08-17T11:14:41.270Z,
"文化財:大久保主水墓:35.723143,139.767865",文化財,大久保主水墓,名所・史跡,35.723143,139.767865,point,谷中4-2-5（瑞輪寺内）,台東区,谷中,,,,,,栗原,2026-08-17T11:14:42.158Z,
"文化財:鈴木春信碑:35.724643,139.765705",文化財,鈴木春信碑,名所・史跡,35.724643,139.765705,point,谷中3-1-2（大円寺内）,台東区,谷中,,,,,,栗原,2026-08-17T11:14:43.356Z,
"文化財:蒲生君平墓:35.720063,139.766415",文化財,蒲生君平墓,名所・史跡,35.720063,139.766415,point,谷中1-4-13（臨江寺内）,台東区,谷中,,,,,,栗原,2026-08-17T11:14:46.172Z,
"文化財:太宰春台墓:35.718724,139.767095",文化財,太宰春台墓,名所・史跡,35.718724,139.767095,point,谷中1-2-14（天眼寺内）,台東区,谷中,,,,,,栗原,2026-08-17T11:14:46.938Z,
"文化財:子規庵:35.724483,139.776384",文化財,子規庵,名所・史跡,35.724483,139.776384,point,根岸2-5-11,台東区,根岸,,,,,,栗原,2026-08-17T11:14:49.139Z,
"文化財:葛飾北斎墓:35.709725,139.785514",文化財,葛飾北斎墓,名所・史跡,35.709725,139.785514,point,元浅草4-6-9（誓教寺内）,台東区,元浅草,,,,,,栗原,2026-08-17T11:14:49.705Z,
"文化財:中村不折旧宅（書道博物館）:35.724643,139.776294",文化財,中村不折旧宅（書道博物館）,名所・史跡,35.724643,139.776294,point,根岸2-10-4,台東区,根岸,,,,,,栗原,2026-08-17T11:14:51.278Z,
"文化財:浄名院八万四千体地蔵:35.722383,139.773405",文化財,浄名院八万四千体地蔵,名所・史跡,35.722383,139.773405,point,上野桜木2-6-4（浄名院内）,台東区,上野桜木,,,,,,栗原,2026-08-17T11:14:52.062Z,
"文化財:入谷鬼子母神:35.719754,139.782834",文化財,入谷鬼子母神,名所・史跡,35.719754,139.782834,point,下谷1-12-16（真源寺内）,台東区,下谷,,,,,,栗原,2026-08-17T11:14:53.842Z,
"文化財:小野照崎神社:35.721917,139.783611",文化財,小野照崎神社,名所・史跡,35.721917,139.783611,point,下谷2-13-14,台東区,下谷,,,,,,栗原,2026-08-17T11:14:54.590Z,
"文化財:玉川兄弟の墓:35.712785,139.786694",文化財,玉川兄弟の墓,名所・史跡,35.712785,139.786694,point,松が谷2-3-3（聖徳寺内）,台東区,松が谷,,,,,,栗原,2026-08-17T11:14:55.821Z,
"文化財:徳川慶喜墓:35.723403,139.771925",文化財,徳川慶喜墓,名所・史跡,35.723403,139.771925,point,谷中7（谷中墓地内）,台東区,谷中,,,,,,栗原,2026-08-17T11:14:56.805Z,
"文化財:谷中天王寺五重塔跡:35.726583,139.771361",文化財,谷中天王寺五重塔跡,名所・史跡,35.726583,139.771361,point,谷中7（谷中墓地内）,台東区,谷中,,,,,,栗原,2026-08-17T11:14:59.172Z,
"文化財:北村季吟墓:35.714134,139.766025",文化財,北村季吟墓,名所・史跡,35.714134,139.766025,point,池之端2-4-22（正慶寺内）,台東区,池之端,,,,,,栗原,2026-08-17T11:14:59.905Z,
"文化財:曹源寺(かっぱ寺):35.715334,139.786504",文化財,曹源寺(かっぱ寺),名所・史跡,35.715334,139.786504,point,松が谷3-7-2,台東区,松が谷,,,,,,栗原,2026-08-17T11:15:00.693Z,
"文化財:善性寺:35.727172,139.773985",文化財,善性寺,観光施設,35.727172,139.773985,point,東京都荒川区東日暮里5丁目41-14,荒川区,東日暮里,,,,,,栗原,2026-08-17T11:15:01.541Z,
"文化財:本行寺:35.728421,139.769336",文化財,本行寺,観光施設,35.728421,139.769336,point,東京都荒川区西日暮里3丁目1-3,荒川区,西日暮里,,,,,,栗原,2026-08-17T11:15:02.756Z,
"文化財:仙蔵寺:35.709613,139.78851",文化財,仙蔵寺,文化財のある寺社,35.709613,139.78851,chome,東京都台東区寿2丁目,台東区,寿,,,,,,栗原,2026-08-17T11:15:24.773Z,
"飲食店:江戸前　英多郎寿司:35.712986,139.768234",飲食店,江戸前　英多郎寿司,飲食店営業（すし屋）,35.712986,139.768234,point,池之端二丁目１番４５号,台東区,池之端,,,,,,前田陽輝,2026-08-17T11:12:27.345Z,
"飲食店:きと:35.720715,139.786224",飲食店,きと,飲食店営業（すし屋）,35.720715,139.786224,point,入谷一丁目２１番５号,台東区,入谷,,,,,,前田陽輝,2026-08-17T11:13:07.409Z,
"飲食店:すし処　大矢:35.703445,139.773346",飲食店,すし処　大矢,飲食店営業（すし屋）,35.703445,139.773346,point,上野三丁目３番１号,台東区,上野,,,,,,前田陽輝,2026-08-17T11:13:25.785Z,
"飲食店:松山寿司:35.704666,139.778336",飲食店,松山寿司,飲食店営業（すし屋）,35.704666,139.778336,point,台東三丁目２０番２号,台東区,台東,,,,,,前田陽輝,2026-08-17T11:13:38.441Z,
"飲食店:食堂ボンド　ｓｕｓｈｉ　ｓｈｏｋｕｄｏ:35.713993,139.782669",飲食店,食堂ボンド　ｓｕｓｈｉ　ｓｈｏｋｕｄｏ,飲食店営業（すし屋）,35.713993,139.782669,point,東上野五丁目１７番８号,台東区,東上野,,,,,,前田陽輝,2026-08-17T11:14:03.842Z,
"飲食店:鮨　４６８:35.715958,139.789703",飲食店,鮨　４６８,飲食店営業（すし屋）,35.715958,139.789703,point,西浅草三丁目２３番１４号,台東区,西浅草,,,,,,前田陽輝,2026-08-17T11:14:11.750Z,
"飲食店:三喜鮨:35.7253,139.764221",飲食店,三喜鮨,飲食店営業（すし屋）,35.7253,139.764221,point,谷中三丁目２番１０号,台東区,谷中,,,,,,前田陽輝,2026-08-17T11:14:23.139Z,
"飲食店:甲州屋:35.704899,139.784149",飲食店,甲州屋,飲食店営業（そば）,35.704899,139.784149,point,小島二丁目２番１号,台東区,小島,,,,,,前田陽輝,2026-08-17T11:14:31.521Z,
"飲食店:一休庵:35.718609,139.788162",飲食店,一休庵,飲食店営業（そば）,35.718609,139.788162,point,入谷二丁目３番３号,台東区,入谷,,,,,,前田陽輝,2026-08-17T11:14:35.610Z,
"飲食店:鮨　明高勢:35.7243,139.783401",飲食店,鮨　明高勢,飲食店営業（すし屋）,35.7243,139.783401,point,根岸四丁目２番２号,台東区,根岸,,,,,,前田陽輝,2026-08-17T11:14:45.326Z,
"飲食店:鮨創作料理奄美:35.723862,139.784378",飲食店,鮨創作料理奄美,飲食店営業（すし屋）,35.723862,139.784378,point,根岸四丁目１番２９号,台東区,根岸,,,,,,前田陽輝,2026-08-17T11:14:49.594Z,
"飲食店:すし処　漁美:35.70956,139.781815",飲食店,すし処　漁美,飲食店営業（すし屋）,35.70956,139.781815,point,東上野二丁目２番９号,台東区,東上野,,,,,,前田陽輝,2026-08-17T11:14:53.815Z,
"飲食店:手打ちうどん　　家康:35.721245,139.786865",飲食店,手打ちうどん　　家康,飲食店営業（そば）,35.721245,139.786865,point,入谷一丁目２３番２号,台東区,入谷,,,,,,前田陽輝,2026-08-17T11:14:56.451Z,
"飲食店:角萬:35.721565,139.78627",飲食店,角萬,飲食店営業（そば）,35.721565,139.78627,point,入谷一丁目２４番６号,台東区,入谷,,,,,,前田陽輝,2026-08-17T11:14:57.428Z,
"飲食店:蕎麦義:35.715637,139.784424",飲食店,蕎麦義,飲食店営業（そば）,35.715637,139.784424,point,北上野二丁目２番４号,台東区,北上野,,,,,,前田陽輝,2026-08-17T11:15:03.148Z,
"飲食店:ＳＯＢＡ－ＨＯＵＳＥ　大自然:35.715733,139.785324",飲食店,ＳＯＢＡ－ＨＯＵＳＥ　大自然,飲食店営業（そば）,35.715733,139.785324,point,北上野二丁目１番１４号,台東区,北上野,,,,,,前田陽輝,2026-08-17T11:15:04.020Z,
"飲食店:手打そば　川しま:35.720596,139.783585",飲食店,手打そば　川しま,飲食店営業（そば）,35.720596,139.783585,point,下谷二丁目６番１号,台東区,下谷,,,,,,前田陽輝,2026-08-17T11:15:08.750Z,
"飲食店:浅草　ひら山:35.710762,139.789841",飲食店,浅草　ひら山,飲食店営業（そば）,35.710762,139.789841,point,西浅草一丁目３番１４号,台東区,西浅草,,,,,,前田陽輝,2026-08-17T11:15:11.112Z,
"飲食店:ほしのま:35.724861,139.784454",飲食店,ほしのま,飲食店営業（そば）,35.724861,139.784454,point,根岸四丁目１番１８号,台東区,根岸,,,,,,前田陽輝,2026-08-17T11:15:13.254Z,
"飲食店:そば処　松月庵:35.714855,139.786743",飲食店,そば処　松月庵,飲食店営業（そば）,35.714855,139.786743,point,松が谷二丁目２８番９号,台東区,松が谷,,,,,,前田陽輝,2026-08-17T11:15:18.171Z,
"飲食店:竜泉　むさしや:35.722736,139.788345",飲食店,竜泉　むさしや,飲食店営業（そば）,35.722736,139.788345,point,竜泉一丁目６番１号,台東区,竜泉,,,,,,前田陽輝,2026-08-17T11:15:22.768Z,
"飲食店:大島屋:35.72467,139.764252",飲食店,大島屋,飲食店営業（そば）,35.72467,139.764252,point,谷中三丁目２番５号,台東区,谷中,,,,,,前田陽輝,2026-08-17T11:15:24.003Z,
"飲食店:うどん　根の津:35.719154,139.766968",飲食店,うどん　根の津,飲食店営業（そば）,35.719154,139.766968,point,谷中一丁目４番２号,台東区,谷中,,,,,,前田陽輝,2026-08-17T11:15:26.560Z,
"飲食店:手打ち蕎麦　やなか:35.719479,139.767746",飲食店,手打ち蕎麦　やなか,飲食店営業（そば）,35.719479,139.767746,point,谷中一丁目１番１８号,台東区,谷中,,,,,,前田陽輝,2026-08-17T11:15:27.949Z,
"飲食店:滝乃家:35.707825,139.786758",飲食店,滝乃家,飲食店営業（そば）,35.707825,139.786758,point,元浅草三丁目１５番５号,台東区,元浅草,,,,,,前田陽輝,2026-08-17T11:15:28.801Z,
"飲食店:ＳＯＢＡＵＣＨＩ　ＳＨＯＰ　楽常:35.715157,139.788834",飲食店,ＳＯＢＡＵＣＨＩ　ＳＨＯＰ　楽常,飲食店営業（そば）,35.715157,139.788834,point,松が谷三丁目１番１２号,台東区,松が谷,,,,,,前田陽輝,2026-08-17T11:15:30.681Z,
"飲食店:砂場:35.710835,139.784515",飲食店,砂場,飲食店営業（そば）,35.710835,139.784515,point,元浅草二丁目１０番１３号,台東区,元浅草,,,,,,前田陽輝,2026-08-17T11:15:32.649Z,
"飲食店:砂場:35.706844,139.784775",飲食店,砂場,飲食店営業（そば）,35.706844,139.784775,point,元浅草一丁目１番１号,台東区,元浅草,,,,,,前田陽輝,2026-08-17T11:15:33.922Z,
"飲食店:小倉庵:35.710072,139.78067",飲食店,小倉庵,飲食店営業（そば）,35.710072,139.78067,point,東上野三丁目６番６号,台東区,東上野,,,,,,前田陽輝,2026-08-17T11:15:35.763Z,
"飲食店:志づ屋蕎麦製粉:35.708786,139.781052",飲食店,志づ屋蕎麦製粉,飲食店営業（そば）,35.708786,139.781052,point,東上野二丁目４番３号,台東区,東上野,,,,,,前田陽輝,2026-08-17T11:15:36.442Z,
"飲食店:蕎麦と日本酒　いちえ:35.711174,139.78685",飲食店,蕎麦と日本酒　いちえ,飲食店営業（そば）,35.711174,139.78685,point,松が谷一丁目３番１５号,台東区,松が谷,,,,,,前田陽輝,2026-08-17T11:15:38.832Z,
"飲食店:秋月庵:35.71217,139.782883",飲食店,秋月庵,飲食店営業（そば）,35.71217,139.782883,point,東上野五丁目４番１９号,台東区,東上野,,,,,,前田陽輝,2026-08-17T11:15:39.547Z,
"飲食店:まつかげ庵:35.724583,139.779007",飲食店,まつかげ庵,飲食店営業（そば）,35.724583,139.779007,point,根岸三丁目２５番６号,台東区,根岸,,,,,,前田陽輝,2026-08-17T11:15:43.527Z,
"飲食店:甲州屋:35.722691,139.78331",飲食店,甲州屋,飲食店営業（そば）,35.722691,139.78331,point,下谷二丁目１９番３号,台東区,下谷,,,,,,前田陽輝,2026-08-17T11:15:45.111Z,
"飲食店:手打そば　　川しま:35.720665,139.783737",飲食店,手打そば　　川しま,飲食店営業（そば）,35.720665,139.783737,point,下谷二丁目６番１５号,台東区,下谷,,,,,,前田陽輝,2026-08-17T11:15:45.871Z,
"飲食店:大村庵:35.706871,139.782516",飲食店,大村庵,飲食店営業（そば）,35.706871,139.782516,point,小島二丁目２１番１０号,台東区,小島,,,,,,前田陽輝,2026-08-17T11:15:47.762Z,
"飲食店:満るい:35.720409,139.782578",飲食店,満るい,飲食店営業（そば）,35.720409,139.782578,point,下谷二丁目３番４号,台東区,下谷,,,,,,前田陽輝,2026-08-17T11:15:49.350Z,
"飲食店:有限会社　山田製麺所本店:35.71777,139.78363",飲食店,有限会社　山田製麺所本店,飲食店営業（そば）,35.71777,139.78363,point,北上野二丁目１７番７号,台東区,北上野,,,,,,前田陽輝,2026-08-17T11:15:51.420Z,
"飲食店:有限会社　すし乃池:35.724598,139.764496",飲食店,有限会社　すし乃池,飲食店営業（すし屋）,35.724598,139.764496,point,谷中三丁目２番３号,台東区,谷中,,,,,,前田陽輝,2026-08-17T11:15:55.849Z,
"飲食店:廻転寿司　日本海:35.718857,139.786697",飲食店,廻転寿司　日本海,飲食店営業（すし屋）,35.718857,139.786697,point,松が谷四丁目２７番１０号,台東区,松が谷,,,,,,前田陽輝,2026-08-17T11:15:56.466Z,
"飲食店:すし屋　米田:35.722675,139.786316",飲食店,すし屋　米田,飲食店営業（すし屋）,35.722675,139.786316,point,竜泉一丁目１０番３号,台東区,竜泉,,,,,,前田陽輝,2026-08-17T11:16:00.816Z,
"飲食店:新ふじ:35.715824,139.767075",飲食店,新ふじ,飲食店営業（そば）,35.715824,139.767075,point,池之端二丁目８番４号,台東区,池之端,,,,,,前田陽輝,2026-08-17T11:16:01.722Z,
"飲食店:太助寿し:35.714546,139.788254",飲食店,太助寿し,飲食店営業（すし屋）,35.714546,139.788254,point,松が谷二丁目２６番６号,台東区,松が谷,,,,,,前田陽輝,2026-08-17T11:16:04.479Z,
"飲食店:鰻　柏家:35.715164,139.766464",飲食店,鰻　柏家,飲食店営業（一般・うなぎ）,35.715164,139.766464,point,池之端二丁目３番１１号,台東区,池之端,,,,,,前田陽輝,2026-08-17T11:16:51.824Z,
"飲食店:鰻「やしま」:35.706623,139.784851",飲食店,鰻「やしま」,飲食店営業（一般・うなぎ）,35.706623,139.784851,point,小島二丁目１８番１９号,台東区,小島,,,,,,前田陽輝,2026-08-17T11:16:54.400Z,
"飲食店:うなぎ　魚重:35.708038,139.787766",飲食店,うなぎ　魚重,飲食店営業（一般・うなぎ）,35.708038,139.787766,point,元浅草三丁目１３番８号,台東区,元浅草,,,,,,前田陽輝,2026-08-17T11:16:56.683Z,
"飲食店:入谷鬼子母神門前　のだや　別館:35.720299,139.783112",飲食店,入谷鬼子母神門前　のだや　別館,飲食店営業（一般・うなぎ）,35.720299,139.783112,point,下谷二丁目３番１７号,台東区,下谷,,,,,,前田陽輝,2026-08-17T11:16:59.535Z,
"飲食店:入谷鬼子母神門前　のだや:35.720284,139.78302",飲食店,入谷鬼子母神門前　のだや,飲食店営業（一般・うなぎ）,35.720284,139.78302,point,下谷二丁目３番１号,台東区,下谷,,,,,,前田陽輝,2026-08-17T11:17:00.327Z,
"飲食店:千根や:35.726601,139.76825",飲食店,千根や,飲食店営業（一般・うなぎ）,35.726601,139.76825,point,谷中五丁目９番２５号,台東区,谷中,,,,,,前田陽輝,2026-08-17T11:17:02.651Z,
"飲食店:おでん　沢:35.715282,139.783539",飲食店,おでん　沢,飲食店営業（一般・おでん）,35.715282,139.783539,point,東上野六丁目２４番７号,台東区,東上野,,,,,,前田陽輝,2026-08-17T11:17:05.706Z,
"飲食店:ねづ味:35.718258,139.767044",飲食店,ねづ味,飲食店営業（一般・お好み焼きもんじゃ）,35.718258,139.767044,point,池之端四丁目２４番５号,台東区,池之端,,,,,,前田陽輝,2026-08-17T11:17:08.585Z,
"飲食店:お好み焼　巨峰:35.704144,139.782974",飲食店,お好み焼　巨峰,飲食店営業（一般・お好み焼きもんじゃ）,35.704144,139.782974,point,小島一丁目９番５号,台東区,小島,,,,,,前田陽輝,2026-08-17T11:17:16.144Z,
"飲食店:てっぱん　花道:35.705025,139.784683",飲食店,てっぱん　花道,飲食店営業（一般・お好み焼きもんじゃ）,35.705025,139.784683,point,小島二丁目１番１１号,台東区,小島,,,,,,前田陽輝,2026-08-17T11:17:17.962Z,
"飲食店:お好み焼　ガンクラ:35.704094,139.780075",飲食店,お好み焼　ガンクラ,飲食店営業（一般・お好み焼きもんじゃ）,35.704094,139.780075,point,台東三丁目４番１１号,台東区,台東,,,,,,前田陽輝,2026-08-17T11:17:18.738Z,
"飲食店:油そば　万人力:35.72123,139.786438",飲食店,油そば　万人力,飲食店営業（一般・ラーメン）,35.72123,139.786438,point,入谷一丁目２４番２号,台東区,入谷,,,,,,前田陽輝,2026-08-17T11:18:07.698Z,
"飲食店:まぐろ将軍:35.719536,139.785324",飲食店,まぐろ将軍,飲食店営業（一般・ラーメン）,35.719536,139.785324,point,入谷一丁目４番４号,台東区,入谷,,,,,,前田陽輝,2026-08-17T11:18:09.470Z,
"飲食店:中華そば　天内:35.720112,139.784302",飲食店,中華そば　天内,飲食店営業（一般・ラーメン）,35.720112,139.784302,point,入谷一丁目６番５号,台東区,入谷,,,,,,前田陽輝,2026-08-17T11:18:10.449Z,
"飲食店:らーめん　サムライ:35.719433,139.784561",飲食店,らーめん　サムライ,飲食店営業（一般・ラーメン）,35.719433,139.784561,point,北上野二丁目３０番９号,台東区,北上野,,,,,,前田陽輝,2026-08-17T11:18:18.361Z,
"飲食店:らーめん・天神下　大喜:35.719433,139.784561",飲食店,らーめん・天神下　大喜,飲食店営業（一般・ラーメン）,35.719433,139.784561,point,北上野二丁目３０番９号,台東区,北上野,,,,,,前田陽輝,2026-08-17T11:18:22.610Z,
"飲食店:京香房:35.706741,139.783768",飲食店,京香房,飲食店営業（一般・ラーメン）,35.706741,139.783768,point,小島二丁目１８番１２号,台東区,小島,,,,,,前田陽輝,2026-08-17T11:18:24.792Z,
"飲食店:中華そば　新:35.706707,139.784088",飲食店,中華そば　新,飲食店営業（一般・ラーメン）,35.706707,139.784088,point,小島二丁目１８番１４号,台東区,小島,,,,,,前田陽輝,2026-08-17T11:18:25.654Z,
"飲食店:麺処　晴:35.719757,139.783279",飲食店,麺処　晴,飲食店営業（一般・ラーメン）,35.719757,139.783279,point,下谷一丁目１１番７号,台東区,下谷,,,,,,前田陽輝,2026-08-17T11:18:26.349Z,
"飲食店:Ｃｒａｆｔ　Ｒａｍｅｎ　ＢｉＴ:35.719398,139.782745",飲食店,Ｃｒａｆｔ　Ｒａｍｅｎ　ＢｉＴ,飲食店営業（一般・ラーメン）,35.719398,139.782745,point,下谷一丁目１２番２５号,台東区,下谷,,,,,,前田陽輝,2026-08-17T11:18:29.022Z,
"飲食店:支那そば大和:35.711315,139.783951",飲食店,支那そば大和,飲食店営業（一般・ラーメン）,35.711315,139.783951,point,東上野六丁目１番７号,台東区,東上野,,,,,,栗原,2026-08-17T11:18:34.037Z,
"飲食店:好美味　秋葉原店:35.702599,139.778076",飲食店,好美味　秋葉原店,飲食店営業（一般・ラーメン）,35.702599,139.778076,point,台東二丁目５番３号,台東区,台東,,,,,,前田陽輝,2026-08-17T11:18:34.702Z,
"飲食店:太幸結:35.703392,139.776794",飲食店,太幸結,飲食店営業（一般・ラーメン）,35.703392,139.776794,point,台東二丁目１０番９号,台東区,台東,,,,,,前田陽輝,2026-08-17T11:18:40.725Z,
"飲食店:リトルアジア:35.717709,139.79068",飲食店,リトルアジア,飲食店営業（一般・ラーメン）,35.717709,139.79068,point,西浅草三丁目２９番２０号,台東区,西浅草,,,,,,前田陽輝,2026-08-17T11:18:44.610Z,
"飲食店:海老塩ラーメン:35.724407,139.778671",飲食店,海老塩ラーメン,飲食店営業（一般・ラーメン）,35.724407,139.778671,point,根岸二丁目１６番１１号,台東区,根岸,,,,,,前田陽輝,2026-08-17T11:18:52.673Z,
"飲食店:江戸煮干中華そば　きみはん:35.722237,139.781631",飲食店,江戸煮干中華そば　きみはん,飲食店営業（一般・ラーメン）,35.722237,139.781631,point,根岸三丁目３番１８号,台東区,根岸,,,,,,前田陽輝,2026-08-17T11:18:56.705Z,
"飲食店:花とく:35.724743,139.781174",飲食店,花とく,飲食店営業（一般・とんかつ）,35.724743,139.781174,point,根岸三丁目２３番７号,台東区,根岸,,,,,,前田陽輝,2026-08-17T11:20:21.525Z,
"飲食店:牛かつ輝:35.71101,139.780594",飲食店,牛かつ輝,飲食店営業（一般・とんかつ）,35.71101,139.780594,point,東上野三丁目２８番４号,台東区,東上野,,,,,,前田陽輝,2026-08-17T11:20:25.511Z,
"飲食店:とんかつ　大和:35.703449,139.776901",飲食店,とんかつ　大和,飲食店営業（一般・とんかつ）,35.703449,139.776901,point,台東二丁目２６番２号,台東区,台東,,,,,,前田陽輝,2026-08-17T11:20:29.644Z,
"飲食店:りん:35.7243,139.783401",飲食店,りん,飲食店営業（一般・お好み焼きもんじゃ）,35.7243,139.783401,point,根岸四丁目２番２号,台東区,根岸,,,,,,前田陽輝,2026-08-17T11:21:10.524Z,
"飲食店:浅草　文字家:35.715179,139.790421",飲食店,浅草　文字家,飲食店営業（一般・お好み焼きもんじゃ）,35.715179,139.790421,point,西浅草三丁目１２番８号,台東区,西浅草,,,,,,前田陽輝,2026-08-17T11:21:15.064Z,
"飲食店:ひなと家:35.715202,139.789627",飲食店,ひなと家,飲食店営業（一般・お好み焼きもんじゃ）,35.715202,139.789627,point,西浅草三丁目１０番１０号,台東区,西浅草,,,,,,前田陽輝,2026-08-17T11:21:15.976Z,
"飲食店:あぽろ:35.714069,139.790695",飲食店,あぽろ,飲食店営業（一般・お好み焼きもんじゃ）,35.714069,139.790695,point,西浅草二丁目２５番９号,台東区,西浅草,,,,,,前田陽輝,2026-08-17T11:21:17.377Z,
"飲食店:お好み焼き　道草:35.70504,139.779236",飲食店,お好み焼き　道草,飲食店営業（一般・お好み焼きもんじゃ）,35.70504,139.779236,point,台東三丁目２２番８号,台東区,台東,,,,,,前田陽輝,2026-08-17T11:21:20.987Z,
"飲食店:かっぱ祭り:35.710762,139.789841",飲食店,かっぱ祭り,飲食店営業（一般・お好み焼きもんじゃ）,35.710762,139.789841,point,西浅草一丁目３番１４号,台東区,西浅草,,,,,,前田陽輝,2026-08-17T11:21:21.762Z,
"飲食店:七五三:35.71423,139.789825",飲食店,七五三,飲食店営業（一般・お好み焼きもんじゃ）,35.71423,139.789825,point,西浅草二丁目２３番７号,台東区,西浅草,,,,,,前田陽輝,2026-08-17T11:21:22.639Z,
"飲食店:ゑぞ食堂:35.712559,139.790405",飲食店,ゑぞ食堂,飲食店営業（一般・ラーメン）,35.712559,139.790405,point,西浅草二丁目１０番４号,台東区,西浅草,,,,,,前田陽輝,2026-08-17T11:21:56.708Z,
"飲食店:一真亭:35.710518,139.781082",飲食店,一真亭,飲食店営業（一般・ラーメン）,35.710518,139.781082,point,東上野三丁目５番８号,台東区,東上野,,,,,,前田陽輝,2026-08-17T11:22:20.185Z,
"飲食店:さんじ:35.710781,139.780411",飲食店,さんじ,飲食店営業（一般・ラーメン）,35.710781,139.780411,point,東上野三丁目２５番１２号,台東区,東上野,,,,,,前田陽輝,2026-08-17T11:22:26.734Z,
"飲食店:ラーメン　麺徳:35.715294,139.782822",飲食店,ラーメン　麺徳,飲食店営業（一般・ラーメン）,35.715294,139.782822,point,東上野五丁目２４番１１号,台東区,東上野,,,,,,前田陽輝,2026-08-17T11:22:52.986Z,
"飲食店:稲荷屋:35.710835,139.784515",飲食店,稲荷屋,飲食店営業（一般・ラーメン）,35.710835,139.784515,point,元浅草二丁目１０番１３号,台東区,元浅草,,,,,,前田陽輝,2026-08-17T11:22:59.664Z,
"飲食店:喜多方食堂:35.71064,139.785599",飲食店,喜多方食堂,飲食店営業（一般・ラーメン）,35.71064,139.785599,point,元浅草四丁目７番１５号,台東区,元浅草,,,,,,前田陽輝,2026-08-17T11:23:04.744Z,
"飲食店:天福楼:35.710506,139.786392",飲食店,天福楼,飲食店営業（一般・ラーメン）,35.710506,139.786392,point,元浅草四丁目８番８号,台東区,元浅草,,,,,,前田陽輝,2026-08-17T11:23:35.655Z,
"飲食店:あたりや食堂:35.718983,139.766922",飲食店,あたりや食堂,飲食店営業（一般・ラーメン）,35.718983,139.766922,point,谷中一丁目２番１４号,台東区,谷中,,,,,,前田陽輝,2026-08-17T11:23:40.159Z,
"飲食店:筆や:35.723022,139.77005",飲食店,筆や,飲食店営業（一般・その他）,35.723022,139.77005,point,谷中七丁目４番１号,台東区,谷中,,,,,,栗原,2026-08-17T11:34:18.547Z,
